wave_rank,candidate_id,style_code,colour_code,model_name_candidate,priority_score,evidence_count,domain_count,source_urls_json
1,4a5974ce-454c-5798-87de-1081a48b8344,M3600,04C,twin tipped polo shirt,73,3,3,"[""https://www.fredperry.com/m3600-m3600-04c.html"", ""https://www.suitableshop.nl/fred-perry/poloshirts/fred-perry-polo-twin-tipped-m3600-roze-04c.html"", ""https://www.eqvvs.co.uk/products/fred-perry-twin-tipped-fred-perry-polo-shirt-04c-strawberry-cream-ecru-black-m3600""]"
2,b4ffaf59-8830-59f1-8cde-67ab0db473b6,M3600,81C,polo tipped brique,73,3,3,"[""https://www.fredperry.com/m3600-m3600-81c.html"", ""https://www.suitableshop.nl/fred-perry/poloshirts/fred-perry-polo-tipped-m3600-brique-81c.html"", ""https://www.eqvvs.co.uk/products/fred-perry-regular-fit-twin-tipped-fred-perry-polo-shirt-81c-brandy-night-green-night-green-m3600""]"
3,2da1659d-093e-5ffe-93fd-8574d36c8499,M3600,85B,twin tipped polo shirt,73,3,3,"[""https://www.fredperry.com/m3600-m3600-85b.html"", ""https://www.suitableshop.nl/fred-perry/poloshirts/fred-perry-polo-twin-tipped-m3600-grijs-85b.html"", ""https://www.eqvvs.co.uk/products/fred-perry-twin-tipped-fred-perry-polo-shirt-85b-anchor-grey-light-ice-sport-green-m3600""]"
4,bb0de2fe-37a8-5a22-885a-06c4e4754127,M3600,87B,twin tipped polo shirt,73,3,3,"[""https://www.fredperry.com/m3600-m3600-87b.html"", ""https://www.suitableshop.nl/fred-perry/poloshirts/fred-perry-polo-twin-tipped-m3600-groen-87b.html"", ""https://www.eqvvs.co.uk/products/fred-perry-twin-tipped-fred-perry-polo-shirt-87b-laurel-wreath-green-ecru-dusky-blue-m3600""]"
5,422af11d-6d11-5a72-aa5d-fb2f62c42138,M3600,T50,polo,73,3,3,"[""https://www.fredperry.com/m3600-m3600-t50.html"", ""https://www.suitableshop.nl/fred-perry/poloshirts/fred-perry-polo-m3600-donkergroen-t50.html"", ""https://www.eqvvs.co.uk/products/fred-perry-twin-tipped-fred-perry-polo-shirt-t50-night-green-snow-white-m3600""]"
6,57e68222-2d53-57db-984b-3128e81b9e64,M3600,T60,polo 3xl,73,3,3,"[""https://www.fredperry.com/m3600-m3600-t60.html"", ""https://www.suitableshop.nl/fred-perry/poloshirts/fred-perry-polo-m3600-wit-t60.html"", ""https://prm.com/eu/p/fred-perry-cotton-polo-shirt-twin-tipped-shirt-white-color-m3600-t60-38621""]"
7,8761090b-bbb1-5602-aeca-b0f6923fee08,M3600,U98,polo,73,3,3,"[""https://www.fredperry.com/m3600-m3600-u98.html"", ""https://www.eqvvs.co.uk/products/fred-perry-regular-fit-twin-tipped-fred-perry-polo-shirt-u98-field-green-oatmeal-m3600"", ""https://www.suitableshop.nl/fred-perry/poloshirts/fred-perry-polo-m3600-donkergroen-u98.html""]"
8,b5f630e8-de30-52d8-a0fd-e7b9eb23f9ab,M3600,350,twin tipped polo shirt,68,3,2,"[""https://www.fredperry.com/m3600-m3600-350.html"", ""https://www.eqvvs.co.uk/products/fred-perry-twin-tipped-polo-shirt-350-black-m3600""]"
9,ab399936-f252-5f13-8337-269f9058bf13,J2321,28A,crinkle harrington jacket,67,2,2,"[""https://www.fredperry.com/crinkle-harrington-jacket-j2321-28a.html"", ""https://www.eqvvs.co.uk/products/fred-perry-crinkle-harrington-jacket-28a-dusky-blue-j2321""]"
10,e4c000ee-e173-59ce-a5c0-73eb74f8783e,J2332,102,argyle track jacket,67,2,2,"[""https://www.fredperry.com/argyle-track-jacket-j2332-102.html"", ""https://www.eqvvs.co.uk/products/fred-perry-argyle-track-jacket-102-black-j2332""]"
11,06495bb6-ab53-5aec-882f-62eba2bd4a98,J2333,297,geometric track jacket,67,2,2,"[""https://www.fredperry.com/geometric-track-jacket-j2333-297.html"", ""https://www.eqvvs.co.uk/products/fred-perry-geometric-track-jacket-297-anchor-grey-j2333""]"
12,d3a83143-87e9-5ca7-968f-83393cb76259,J2660,248,brentham jacket,67,2,2,"[""https://www.fredperry.com/brentham-jacket-j2660-248.html"", ""https://www.eqvvs.co.uk/products/fred-perry-brentham-jacket-248-navy-j2660""]"
13,a35deece-c203-5c1d-83a8-7f356ce52ca1,J2660,350,brentham jacket,67,2,2,"[""https://www.fredperry.com/brentham-jacket-j2660-350.html"", ""https://www.eqvvs.co.uk/products/fred-perry-brentham-jacket-350-black-j2660""]"
14,3025f5c2-83c0-51e2-b62d-cc575cff8583,J3330,M37,crinkle harrington jacket,67,2,2,"[""https://www.fredperry.com/crinkle-harrington-jacket-j3330-m37.html"", ""https://www.eqvvs.co.uk/products/fred-perry-regular-fit-crinkle-nylon-harrington-jacket-m37-seagrass-j3330""]"
15,16223aa8-0d80-5030-84c2-7f115790eca9,J4620,198,taped track jacket,67,2,2,"[""https://www.fredperry.com/taped-track-jacket-j4620-198.html"", ""https://www.eqvvs.co.uk/products/fred-perry-taped-track-top-198-black-j4620""]"
16,a7dbf486-42e8-5cc0-8796-08f2ea50a064,J4620,885,taped track jacket,67,2,2,"[""https://www.fredperry.com/taped-track-jacket-j4620-885.html"", ""https://www.eqvvs.co.uk/products/fred-perry-taped-track-top-885-carbon-blue-j4620""]"
17,11249be3-beb7-56ad-8432-0ac6b1fd15c1,J7536,198,hooded zip through sweatshirt,67,2,2,"[""https://www.fredperry.com/hooded-zip-through-sweatshirt-j7536-198.html"", ""https://www.eqvvs.co.uk/products/hooded-zip-through-sweatshirt-core-198-black-j7536""]"
18,2e67eb6d-175c-5b18-b092-c1134db12842,J7536,795,hooded zip through sweatshirt,67,2,2,"[""https://www.fredperry.com/hooded-zip-through-sweatshirt-j7536-795.html"", ""https://www.eqvvs.co.uk/products/hooded-zip-through-sweatshirt-core-795-navy-j7536""]"
19,eba2ad9c-db4b-5f74-ab2f-d54104694eac,J7536,87B,hooded zip through sweatshirt,67,2,2,"[""https://www.fredperry.com/hooded-zip-through-sweatshirt-j7536-87b.html"", ""https://www.eqvvs.co.uk/products/fred-perry-zip-through-hoodie-87b-laurel-wreath-green-ecru-dusky-blue-j7536""]"
20,094e66c8-848b-5c12-86a9-d5c22d95daae,J7536,94B,hooded zip through sweatshirt,67,2,2,"[""https://www.fredperry.com/hooded-zip-through-sweatshirt-j7536-94b.html"", ""https://www.eqvvs.co.uk/products/fred-perry-zip-through-hoodie-94b-ecru-dusky-blue-french-navy-j7536""]"
21,0e04f246-4376-5127-b010-b49019fb0620,K1317,184,argyle knitted shirt,67,2,2,"[""https://www.fredperry.com/argyle-knitted-shirt-k1317-184.html"", ""https://www.eqvvs.co.uk/products/fred-perry-argyle-knitted-shirt-184-ecru-k1317""]"
22,9c8d73f3-af8f-5adb-a74a-5248caec6ed6,K2328,644,geometric knitted shirt,67,2,2,"[""https://www.fredperry.com/geometric-knitted-shirt-k2328-644.html"", ""https://www.eqvvs.co.uk/products/fred-perry-geometric-knitted-shirt-644-dark-caramel-k2328""]"
23,b80995cd-d3c7-5518-ad3a-51f6279fa198,K2328,R30,geometric knitted shirt,67,2,2,"[""https://www.fredperry.com/geometric-knitted-shirt-k2328-r30.html"", ""https://www.eqvvs.co.uk/products/fred-perry-geometric-knitted-shirt-r30-french-navy-k2328""]"
24,d403ed9c-3731-5f54-b7b1-2c6ba1521ca0,K2329,608,argyle button through shirt,67,2,2,"[""https://www.fredperry.com/argyle-button-through-shirt-k2329-608.html"", ""https://www.eqvvs.co.uk/products/fred-perry-argyle-button-through-shirt-608-dark-airforce-k2329""]"
25,da62cbef-4f94-5dfe-a18c-f9bb3767f63e,K3306,Q20,textured panel knitted shirt,67,2,2,"[""https://www.fredperry.com/textured-panel-knitted-shirt-k3306-q20.html"", ""https://www.eqvvs.co.uk/products/fred-perry-textured-panel-knitted-shirt-q20-stone-k3306""]"
26,e1e14603-a8e4-5f26-bec1-0ab9e132d358,K3310,28A,pointelle knitted shirt,67,2,2,"[""https://www.fredperry.com/pointelle-knitted-shirt-k3310-28a.html"", ""https://www.eqvvs.co.uk/products/fred-perry-pointelle-knitted-shirt-28a-dusky-blue-k3310""]"
27,cd97b5d7-e444-5ef7-ae3d-ea3bc2788328,K3310,560,pointelle knitted shirt,67,2,2,"[""https://www.fredperry.com/pointelle-knitted-shirt-k3310-560.html"", ""https://www.eqvvs.co.uk/products/fred-perry-pointelle-knitted-shirt-560-warm-stone-k3310""]"
28,8b335d0f-e204-5845-994f-3a31b711ec20,K9725,608,long staple cotton knitted shirt,67,2,2,"[""https://www.fredperry.com/long-staple-cotton-knitted-shirt-k9725-608.html"", ""https://www.eqvvs.co.uk/products/fred-perry-long-staple-cotton-knitted-shirt-608-dark-airforce-k9725""]"
29,86a2a12c-3620-5b29-b8b5-a1d2cecd70bd,K9725,Q20,cotton knitted shirt,67,2,2,"[""https://www.fredperry.com/cotton-knitted-shirt-k9725-q20.html"", ""https://www.eqvvs.co.uk/products/fred-perry-cotton-knitted-shirt-q20-stone-k9725""]"
30,64f3172f-e43f-5a92-ae98-803a1dde000d,K9748,102,cable knitted shirt,67,2,2,"[""https://www.fredperry.com/cable-knitted-shirt-k9748-102.html"", ""https://www.eqvvs.co.uk/products/fred-perry-cable-knitted-shirt-102-black-k9748""]"
31,c6af13db-78a3-576c-82b5-8370911c51eb,L7255,81A,classic barrel bag,67,2,2,"[""https://www.fredperry.com/classic-barrel-bag-l7255-81a.html"", ""https://www.eqvvs.co.uk/products/fred-perry-classic-barrel-bag-81a-black-ecru-l7255""]"
32,31ffcc45-72ee-57dd-8383-87ef9126c76f,M1588,100,twin tipped t shirt,67,2,2,"[""https://www.fredperry.com/twin-tipped-t-shirt-m1588-100.html"", ""https://www.eqvvs.co.uk/products/fred-perry-twin-tipped-t-shirt-100-white-m1588""]"
33,c778f1a0-f2d6-51e6-8c1a-d55cd58d5e3d,M1588,102,twin tipped t shirt,67,2,2,"[""https://www.fredperry.com/twin-tipped-t-shirt-m1588-102.html"", ""https://www.eqvvs.co.uk/products/fred-perry-twin-tipped-t-shirt-102-black-m1588""]"
34,2fe38195-9d8c-5476-80df-adb5f1c636f8,M1588,795,twin tipped t shirt,67,2,2,"[""https://www.fredperry.com/twin-tipped-t-shirt-m1588-795.html"", ""https://www.eqvvs.co.uk/products/fred-perry-twin-tipped-t-shirt-795-navy-m1588""]"
35,3bcf4b53-0eb7-5c4e-89fd-90168b2e5132,M1701,608,bedford cord overshirt,67,2,2,"[""https://www.fredperry.com/bedford-cord-overshirt-m1701-608.html"", ""https://www.eqvvs.co.uk/products/fred-perry-bedford-cord-overshirt-608-dark-airforce-m1701""]"
36,3b394656-b811-5f65-ab27-c311ed69c77f,M1723,184,brushed twill overshirt,67,2,2,"[""https://www.fredperry.com/brushed-twill-overshirt-m1723-184.html"", ""https://www.eqvvs.co.uk/products/fred-perry-brushed-twill-overshirt-184-ecru-m1723""]"
37,b5e118c7-3708-58d6-ae65-e33b6d02a2ce,M2395,608,pocket detail pique t shirt,67,2,2,"[""https://www.fredperry.com/pocket-detail-pique-t-shirt-m2395-608.html"", ""https://www.eqvvs.co.uk/products/fred-perry-pocket-detail-pique-t-shirt-608-dark-airforce-m2395""]"
38,790cc74b-a675-5004-84ad-0ef03bc90ad0,M2396,28A,twin tipped cuff t shirt,67,2,2,"[""https://www.fredperry.com/twin-tipped-cuff-t-shirt-m2396-28a.html"", ""https://www.eqvvs.co.uk/products/fred-perry-twin-tipped-cuff-t-shirt-28a-dusky-blue-m2396""]"
39,1ece6c4a-9a47-5e34-a2c9-8ff9ed8ce782,M2396,297,twin tipped cuff t shirt,67,2,2,"[""https://www.fredperry.com/twin-tipped-cuff-t-shirt-m2396-297.html"", ""https://www.eqvvs.co.uk/products/fred-perry-twin-tipped-cuff-t-shirt-297-anchor-grey-m2396""]"
40,db239e88-d3a4-515d-9e0d-c75516cc1d09,M2396,608,twin tipped cuff t shirt,67,2,2,"[""https://www.fredperry.com/twin-tipped-cuff-t-shirt-m2396-608.html"", ""https://www.eqvvs.co.uk/products/fred-perry-twin-tipped-cuff-t-shirt-608-dark-airforce-m2396""]"
41,cf640234-41d9-56e3-b51b-e43851147c22,M2396,91B,twin tipped cuff t shirt,67,2,2,"[""https://www.fredperry.com/twin-tipped-cuff-t-shirt-m2396-91b.html"", ""https://www.eqvvs.co.uk/products/fred-perry-twin-tipped-cuff-t-shirt-91b-oatmeal-m2396""]"
42,5f7fe94e-c6f9-5a1f-a728-11504239cd8c,M2396,R30,twin tipped cuff t shirt,67,2,2,"[""https://www.fredperry.com/twin-tipped-cuff-t-shirt-m2396-r30.html"", ""https://www.eqvvs.co.uk/products/fred-perry-twin-tipped-cuff-t-shirt-r30-french-navy-m2396""]"
43,cb4d57f9-baf8-5413-a991-b2ef7bb0c26b,M2396,S64,twin tipped cuff t shirt,67,2,2,"[""https://www.fredperry.com/twin-tipped-cuff-t-shirt-m2396-s64.html"", ""https://www.eqvvs.co.uk/products/fred-perry-twin-tipped-cuff-t-shirt-s64-caramel-m2396""]"
44,9fc5df28-0914-5f54-9820-ec4ac8b51b67,M2402,28A,ripstop zip through overshirt,67,2,2,"[""https://www.fredperry.com/ripstop-zip-through-overshirt-m2402-28a.html"", ""https://www.eqvvs.co.uk/products/fred-perry-ripstop-zip-through-overshirt-28a-dusky-blue-m2402""]"
45,1adb0854-afbd-59ca-a2c1-ad14ed63627d,M2402,608,ripstop zip through overshirt,67,2,2,"[""https://www.fredperry.com/ripstop-zip-through-overshirt-m2402-608.html"", ""https://www.eqvvs.co.uk/products/fred-perry-ripstop-zip-through-overshirt-608-dark-airforce-m2402""]"
46,6735becd-6c2b-5d90-aaf2-1c2422977ebd,M2402,638,ripstop pocket overshirt,67,2,2,"[""https://www.fredperry.com/ripstop-pocket-overshirt-m2402-638.html"", ""https://www.eqvvs.co.uk/products/fred-perry-ripstop-pocket-overshirt-638-burnt-red-m2402""]"
47,285ea642-d22f-5bc0-a84a-cb3531c59885,M2402,X21,ripstop zip through overshirt,67,2,2,"[""https://www.fredperry.com/ripstop-zip-through-overshirt-m2402-x21.html"", ""https://www.eqvvs.co.uk/products/fred-perry-ripstop-zip-through-overshirt-x21-ecru-m2402""]"
48,b36a0fe8-879e-563e-a681-40171b168e40,M2454,102,geometric polo shirt,67,2,2,"[""https://www.fredperry.com/geometric-polo-shirt-m2454-102.html"", ""https://www.eqvvs.co.uk/products/fred-perry-geometric-polo-shirt-102-black-m2454""]"
49,f54d2b73-a25e-55d9-860e-32afcf71baa5,M2468,A07,poplin check overshirt,67,2,2,"[""https://www.fredperry.com/poplin-check-overshirt-m2468-a07.html"", ""https://www.eqvvs.co.uk/products/fred-perry-poplin-check-overshirt-a07-ecru-m2468""]"
50,8b7d59fc-51da-5882-9bdd-ad2bf187d118,M2475,129,back print t shirt,67,2,2,"[""https://www.fredperry.com/back-print-t-shirt-m2475-129.html"", ""https://www.eqvvs.co.uk/products/fred-perry-back-print-t-shirt-129-snow-white-m2475""]"
