lane_id,candidate_id,style_code,colour_code,model_name_candidate,scope_key,exclusive_objective,required_outputs,priority,status,non_overlap_rule
W003-L01,4a5974ce-454c-5798-87de-1081a48b8344,M3600,04C,twin tipped polo shirt,M3600::04C,"Resolve this style-colour candidate only: context/detail image, six forensic macros, exact material, country/factory, bounded date/season and label-system evidence.","GEN_CONTEXT_DETAIL; MACRO_BRAND_LABEL_FRONT; MACRO_BRAND_LABEL_BACK_OR_STITCHING; MACRO_CARE_LABEL_FRONT; MACRO_CARE_LABEL_REVERSE; MACRO_STYLE_SIZE_COLOUR_CODE; MACRO_FACTORY_OR_CONSTRUCTION; material assertions; country/factory assertions; dating assertions; evidence hashes",HIGH,PLANNED_NOT_EXECUTED,No other W003 lane may research or promote this exact style_code + colour_code scope key.
W003-L02,b4ffaf59-8830-59f1-8cde-67ab0db473b6,M3600,81C,polo tipped brique,M3600::81C,"Resolve this style-colour candidate only: context/detail image, six forensic macros, exact material, country/factory, bounded date/season and label-system evidence.","GEN_CONTEXT_DETAIL; MACRO_BRAND_LABEL_FRONT; MACRO_BRAND_LABEL_BACK_OR_STITCHING; MACRO_CARE_LABEL_FRONT; MACRO_CARE_LABEL_REVERSE; MACRO_STYLE_SIZE_COLOUR_CODE; MACRO_FACTORY_OR_CONSTRUCTION; material assertions; country/factory assertions; dating assertions; evidence hashes",HIGH,PLANNED_NOT_EXECUTED,No other W003 lane may research or promote this exact style_code + colour_code scope key.
W003-L03,2da1659d-093e-5ffe-93fd-8574d36c8499,M3600,85B,twin tipped polo shirt,M3600::85B,"Resolve this style-colour candidate only: context/detail image, six forensic macros, exact material, country/factory, bounded date/season and label-system evidence.","GEN_CONTEXT_DETAIL; MACRO_BRAND_LABEL_FRONT; MACRO_BRAND_LABEL_BACK_OR_STITCHING; MACRO_CARE_LABEL_FRONT; MACRO_CARE_LABEL_REVERSE; MACRO_STYLE_SIZE_COLOUR_CODE; MACRO_FACTORY_OR_CONSTRUCTION; material assertions; country/factory assertions; dating assertions; evidence hashes",HIGH,PLANNED_NOT_EXECUTED,No other W003 lane may research or promote this exact style_code + colour_code scope key.
W003-L04,bb0de2fe-37a8-5a22-885a-06c4e4754127,M3600,87B,twin tipped polo shirt,M3600::87B,"Resolve this style-colour candidate only: context/detail image, six forensic macros, exact material, country/factory, bounded date/season and label-system evidence.","GEN_CONTEXT_DETAIL; MACRO_BRAND_LABEL_FRONT; MACRO_BRAND_LABEL_BACK_OR_STITCHING; MACRO_CARE_LABEL_FRONT; MACRO_CARE_LABEL_REVERSE; MACRO_STYLE_SIZE_COLOUR_CODE; MACRO_FACTORY_OR_CONSTRUCTION; material assertions; country/factory assertions; dating assertions; evidence hashes",HIGH,PLANNED_NOT_EXECUTED,No other W003 lane may research or promote this exact style_code + colour_code scope key.
W003-L05,422af11d-6d11-5a72-aa5d-fb2f62c42138,M3600,T50,polo,M3600::T50,"Resolve this style-colour candidate only: context/detail image, six forensic macros, exact material, country/factory, bounded date/season and label-system evidence.","GEN_CONTEXT_DETAIL; MACRO_BRAND_LABEL_FRONT; MACRO_BRAND_LABEL_BACK_OR_STITCHING; MACRO_CARE_LABEL_FRONT; MACRO_CARE_LABEL_REVERSE; MACRO_STYLE_SIZE_COLOUR_CODE; MACRO_FACTORY_OR_CONSTRUCTION; material assertions; country/factory assertions; dating assertions; evidence hashes",HIGH,PLANNED_NOT_EXECUTED,No other W003 lane may research or promote this exact style_code + colour_code scope key.
W003-L06,57e68222-2d53-57db-984b-3128e81b9e64,M3600,T60,polo 3xl,M3600::T60,"Resolve this style-colour candidate only: context/detail image, six forensic macros, exact material, country/factory, bounded date/season and label-system evidence.","GEN_CONTEXT_DETAIL; MACRO_BRAND_LABEL_FRONT; MACRO_BRAND_LABEL_BACK_OR_STITCHING; MACRO_CARE_LABEL_FRONT; MACRO_CARE_LABEL_REVERSE; MACRO_STYLE_SIZE_COLOUR_CODE; MACRO_FACTORY_OR_CONSTRUCTION; material assertions; country/factory assertions; dating assertions; evidence hashes",HIGH,PLANNED_NOT_EXECUTED,No other W003 lane may research or promote this exact style_code + colour_code scope key.
W003-L07,8761090b-bbb1-5602-aeca-b0f6923fee08,M3600,U98,polo,M3600::U98,"Resolve this style-colour candidate only: context/detail image, six forensic macros, exact material, country/factory, bounded date/season and label-system evidence.","GEN_CONTEXT_DETAIL; MACRO_BRAND_LABEL_FRONT; MACRO_BRAND_LABEL_BACK_OR_STITCHING; MACRO_CARE_LABEL_FRONT; MACRO_CARE_LABEL_REVERSE; MACRO_STYLE_SIZE_COLOUR_CODE; MACRO_FACTORY_OR_CONSTRUCTION; material assertions; country/factory assertions; dating assertions; evidence hashes",HIGH,PLANNED_NOT_EXECUTED,No other W003 lane may research or promote this exact style_code + colour_code scope key.
W003-L08,b5f630e8-de30-52d8-a0fd-e7b9eb23f9ab,M3600,350,twin tipped polo shirt,M3600::350,"Resolve this style-colour candidate only: context/detail image, six forensic macros, exact material, country/factory, bounded date/season and label-system evidence.","GEN_CONTEXT_DETAIL; MACRO_BRAND_LABEL_FRONT; MACRO_BRAND_LABEL_BACK_OR_STITCHING; MACRO_CARE_LABEL_FRONT; MACRO_CARE_LABEL_REVERSE; MACRO_STYLE_SIZE_COLOUR_CODE; MACRO_FACTORY_OR_CONSTRUCTION; material assertions; country/factory assertions; dating assertions; evidence hashes",HIGH,PLANNED_NOT_EXECUTED,No other W003 lane may research or promote this exact style_code + colour_code scope key.
W003-L09,ab399936-f252-5f13-8337-269f9058bf13,J2321,28A,crinkle harrington jacket,J2321::28A,"Resolve this style-colour candidate only: context/detail image, six forensic macros, exact material, country/factory, bounded date/season and label-system evidence.","GEN_CONTEXT_DETAIL; MACRO_BRAND_LABEL_FRONT; MACRO_BRAND_LABEL_BACK_OR_STITCHING; MACRO_CARE_LABEL_FRONT; MACRO_CARE_LABEL_REVERSE; MACRO_STYLE_SIZE_COLOUR_CODE; MACRO_FACTORY_OR_CONSTRUCTION; material assertions; country/factory assertions; dating assertions; evidence hashes",HIGH,PLANNED_NOT_EXECUTED,No other W003 lane may research or promote this exact style_code + colour_code scope key.
W003-L10,e4c000ee-e173-59ce-a5c0-73eb74f8783e,J2332,102,argyle track jacket,J2332::102,"Resolve this style-colour candidate only: context/detail image, six forensic macros, exact material, country/factory, bounded date/season and label-system evidence.","GEN_CONTEXT_DETAIL; MACRO_BRAND_LABEL_FRONT; MACRO_BRAND_LABEL_BACK_OR_STITCHING; MACRO_CARE_LABEL_FRONT; MACRO_CARE_LABEL_REVERSE; MACRO_STYLE_SIZE_COLOUR_CODE; MACRO_FACTORY_OR_CONSTRUCTION; material assertions; country/factory assertions; dating assertions; evidence hashes",HIGH,PLANNED_NOT_EXECUTED,No other W003 lane may research or promote this exact style_code + colour_code scope key.
W003-L11,06495bb6-ab53-5aec-882f-62eba2bd4a98,J2333,297,geometric track jacket,J2333::297,"Resolve this style-colour candidate only: context/detail image, six forensic macros, exact material, country/factory, bounded date/season and label-system evidence.","GEN_CONTEXT_DETAIL; MACRO_BRAND_LABEL_FRONT; MACRO_BRAND_LABEL_BACK_OR_STITCHING; MACRO_CARE_LABEL_FRONT; MACRO_CARE_LABEL_REVERSE; MACRO_STYLE_SIZE_COLOUR_CODE; MACRO_FACTORY_OR_CONSTRUCTION; material assertions; country/factory assertions; dating assertions; evidence hashes",HIGH,PLANNED_NOT_EXECUTED,No other W003 lane may research or promote this exact style_code + colour_code scope key.
W003-L12,d3a83143-87e9-5ca7-968f-83393cb76259,J2660,248,brentham jacket,J2660::248,"Resolve this style-colour candidate only: context/detail image, six forensic macros, exact material, country/factory, bounded date/season and label-system evidence.","GEN_CONTEXT_DETAIL; MACRO_BRAND_LABEL_FRONT; MACRO_BRAND_LABEL_BACK_OR_STITCHING; MACRO_CARE_LABEL_FRONT; MACRO_CARE_LABEL_REVERSE; MACRO_STYLE_SIZE_COLOUR_CODE; MACRO_FACTORY_OR_CONSTRUCTION; material assertions; country/factory assertions; dating assertions; evidence hashes",HIGH,PLANNED_NOT_EXECUTED,No other W003 lane may research or promote this exact style_code + colour_code scope key.
W003-L13,a35deece-c203-5c1d-83a8-7f356ce52ca1,J2660,350,brentham jacket,J2660::350,"Resolve this style-colour candidate only: context/detail image, six forensic macros, exact material, country/factory, bounded date/season and label-system evidence.","GEN_CONTEXT_DETAIL; MACRO_BRAND_LABEL_FRONT; MACRO_BRAND_LABEL_BACK_OR_STITCHING; MACRO_CARE_LABEL_FRONT; MACRO_CARE_LABEL_REVERSE; MACRO_STYLE_SIZE_COLOUR_CODE; MACRO_FACTORY_OR_CONSTRUCTION; material assertions; country/factory assertions; dating assertions; evidence hashes",HIGH,PLANNED_NOT_EXECUTED,No other W003 lane may research or promote this exact style_code + colour_code scope key.
W003-L14,3025f5c2-83c0-51e2-b62d-cc575cff8583,J3330,M37,crinkle harrington jacket,J3330::M37,"Resolve this style-colour candidate only: context/detail image, six forensic macros, exact material, country/factory, bounded date/season and label-system evidence.","GEN_CONTEXT_DETAIL; MACRO_BRAND_LABEL_FRONT; MACRO_BRAND_LABEL_BACK_OR_STITCHING; MACRO_CARE_LABEL_FRONT; MACRO_CARE_LABEL_REVERSE; MACRO_STYLE_SIZE_COLOUR_CODE; MACRO_FACTORY_OR_CONSTRUCTION; material assertions; country/factory assertions; dating assertions; evidence hashes",HIGH,PLANNED_NOT_EXECUTED,No other W003 lane may research or promote this exact style_code + colour_code scope key.
W003-L15,16223aa8-0d80-5030-84c2-7f115790eca9,J4620,198,taped track jacket,J4620::198,"Resolve this style-colour candidate only: context/detail image, six forensic macros, exact material, country/factory, bounded date/season and label-system evidence.","GEN_CONTEXT_DETAIL; MACRO_BRAND_LABEL_FRONT; MACRO_BRAND_LABEL_BACK_OR_STITCHING; MACRO_CARE_LABEL_FRONT; MACRO_CARE_LABEL_REVERSE; MACRO_STYLE_SIZE_COLOUR_CODE; MACRO_FACTORY_OR_CONSTRUCTION; material assertions; country/factory assertions; dating assertions; evidence hashes",HIGH,PLANNED_NOT_EXECUTED,No other W003 lane may research or promote this exact style_code + colour_code scope key.
W003-L16,a7dbf486-42e8-5cc0-8796-08f2ea50a064,J4620,885,taped track jacket,J4620::885,"Resolve this style-colour candidate only: context/detail image, six forensic macros, exact material, country/factory, bounded date/season and label-system evidence.","GEN_CONTEXT_DETAIL; MACRO_BRAND_LABEL_FRONT; MACRO_BRAND_LABEL_BACK_OR_STITCHING; MACRO_CARE_LABEL_FRONT; MACRO_CARE_LABEL_REVERSE; MACRO_STYLE_SIZE_COLOUR_CODE; MACRO_FACTORY_OR_CONSTRUCTION; material assertions; country/factory assertions; dating assertions; evidence hashes",HIGH,PLANNED_NOT_EXECUTED,No other W003 lane may research or promote this exact style_code + colour_code scope key.
W003-L17,11249be3-beb7-56ad-8432-0ac6b1fd15c1,J7536,198,hooded zip through sweatshirt,J7536::198,"Resolve this style-colour candidate only: context/detail image, six forensic macros, exact material, country/factory, bounded date/season and label-system evidence.","GEN_CONTEXT_DETAIL; MACRO_BRAND_LABEL_FRONT; MACRO_BRAND_LABEL_BACK_OR_STITCHING; MACRO_CARE_LABEL_FRONT; MACRO_CARE_LABEL_REVERSE; MACRO_STYLE_SIZE_COLOUR_CODE; MACRO_FACTORY_OR_CONSTRUCTION; material assertions; country/factory assertions; dating assertions; evidence hashes",HIGH,PLANNED_NOT_EXECUTED,No other W003 lane may research or promote this exact style_code + colour_code scope key.
W003-L18,2e67eb6d-175c-5b18-b092-c1134db12842,J7536,795,hooded zip through sweatshirt,J7536::795,"Resolve this style-colour candidate only: context/detail image, six forensic macros, exact material, country/factory, bounded date/season and label-system evidence.","GEN_CONTEXT_DETAIL; MACRO_BRAND_LABEL_FRONT; MACRO_BRAND_LABEL_BACK_OR_STITCHING; MACRO_CARE_LABEL_FRONT; MACRO_CARE_LABEL_REVERSE; MACRO_STYLE_SIZE_COLOUR_CODE; MACRO_FACTORY_OR_CONSTRUCTION; material assertions; country/factory assertions; dating assertions; evidence hashes",HIGH,PLANNED_NOT_EXECUTED,No other W003 lane may research or promote this exact style_code + colour_code scope key.
W003-L19,eba2ad9c-db4b-5f74-ab2f-d54104694eac,J7536,87B,hooded zip through sweatshirt,J7536::87B,"Resolve this style-colour candidate only: context/detail image, six forensic macros, exact material, country/factory, bounded date/season and label-system evidence.","GEN_CONTEXT_DETAIL; MACRO_BRAND_LABEL_FRONT; MACRO_BRAND_LABEL_BACK_OR_STITCHING; MACRO_CARE_LABEL_FRONT; MACRO_CARE_LABEL_REVERSE; MACRO_STYLE_SIZE_COLOUR_CODE; MACRO_FACTORY_OR_CONSTRUCTION; material assertions; country/factory assertions; dating assertions; evidence hashes",HIGH,PLANNED_NOT_EXECUTED,No other W003 lane may research or promote this exact style_code + colour_code scope key.
W003-L20,094e66c8-848b-5c12-86a9-d5c22d95daae,J7536,94B,hooded zip through sweatshirt,J7536::94B,"Resolve this style-colour candidate only: context/detail image, six forensic macros, exact material, country/factory, bounded date/season and label-system evidence.","GEN_CONTEXT_DETAIL; MACRO_BRAND_LABEL_FRONT; MACRO_BRAND_LABEL_BACK_OR_STITCHING; MACRO_CARE_LABEL_FRONT; MACRO_CARE_LABEL_REVERSE; MACRO_STYLE_SIZE_COLOUR_CODE; MACRO_FACTORY_OR_CONSTRUCTION; material assertions; country/factory assertions; dating assertions; evidence hashes",HIGH,PLANNED_NOT_EXECUTED,No other W003 lane may research or promote this exact style_code + colour_code scope key.
W003-L21,0e04f246-4376-5127-b010-b49019fb0620,K1317,184,argyle knitted shirt,K1317::184,"Resolve this style-colour candidate only: context/detail image, six forensic macros, exact material, country/factory, bounded date/season and label-system evidence.","GEN_CONTEXT_DETAIL; MACRO_BRAND_LABEL_FRONT; MACRO_BRAND_LABEL_BACK_OR_STITCHING; MACRO_CARE_LABEL_FRONT; MACRO_CARE_LABEL_REVERSE; MACRO_STYLE_SIZE_COLOUR_CODE; MACRO_FACTORY_OR_CONSTRUCTION; material assertions; country/factory assertions; dating assertions; evidence hashes",HIGH,PLANNED_NOT_EXECUTED,No other W003 lane may research or promote this exact style_code + colour_code scope key.
W003-L22,9c8d73f3-af8f-5adb-a74a-5248caec6ed6,K2328,644,geometric knitted shirt,K2328::644,"Resolve this style-colour candidate only: context/detail image, six forensic macros, exact material, country/factory, bounded date/season and label-system evidence.","GEN_CONTEXT_DETAIL; MACRO_BRAND_LABEL_FRONT; MACRO_BRAND_LABEL_BACK_OR_STITCHING; MACRO_CARE_LABEL_FRONT; MACRO_CARE_LABEL_REVERSE; MACRO_STYLE_SIZE_COLOUR_CODE; MACRO_FACTORY_OR_CONSTRUCTION; material assertions; country/factory assertions; dating assertions; evidence hashes",HIGH,PLANNED_NOT_EXECUTED,No other W003 lane may research or promote this exact style_code + colour_code scope key.
W003-L23,b80995cd-d3c7-5518-ad3a-51f6279fa198,K2328,R30,geometric knitted shirt,K2328::R30,"Resolve this style-colour candidate only: context/detail image, six forensic macros, exact material, country/factory, bounded date/season and label-system evidence.","GEN_CONTEXT_DETAIL; MACRO_BRAND_LABEL_FRONT; MACRO_BRAND_LABEL_BACK_OR_STITCHING; MACRO_CARE_LABEL_FRONT; MACRO_CARE_LABEL_REVERSE; MACRO_STYLE_SIZE_COLOUR_CODE; MACRO_FACTORY_OR_CONSTRUCTION; material assertions; country/factory assertions; dating assertions; evidence hashes",HIGH,PLANNED_NOT_EXECUTED,No other W003 lane may research or promote this exact style_code + colour_code scope key.
W003-L24,d403ed9c-3731-5f54-b7b1-2c6ba1521ca0,K2329,608,argyle button through shirt,K2329::608,"Resolve this style-colour candidate only: context/detail image, six forensic macros, exact material, country/factory, bounded date/season and label-system evidence.","GEN_CONTEXT_DETAIL; MACRO_BRAND_LABEL_FRONT; MACRO_BRAND_LABEL_BACK_OR_STITCHING; MACRO_CARE_LABEL_FRONT; MACRO_CARE_LABEL_REVERSE; MACRO_STYLE_SIZE_COLOUR_CODE; MACRO_FACTORY_OR_CONSTRUCTION; material assertions; country/factory assertions; dating assertions; evidence hashes",HIGH,PLANNED_NOT_EXECUTED,No other W003 lane may research or promote this exact style_code + colour_code scope key.
W003-L25,da62cbef-4f94-5dfe-a18c-f9bb3767f63e,K3306,Q20,textured panel knitted shirt,K3306::Q20,"Resolve this style-colour candidate only: context/detail image, six forensic macros, exact material, country/factory, bounded date/season and label-system evidence.","GEN_CONTEXT_DETAIL; MACRO_BRAND_LABEL_FRONT; MACRO_BRAND_LABEL_BACK_OR_STITCHING; MACRO_CARE_LABEL_FRONT; MACRO_CARE_LABEL_REVERSE; MACRO_STYLE_SIZE_COLOUR_CODE; MACRO_FACTORY_OR_CONSTRUCTION; material assertions; country/factory assertions; dating assertions; evidence hashes",HIGH,PLANNED_NOT_EXECUTED,No other W003 lane may research or promote this exact style_code + colour_code scope key.
W003-L26,e1e14603-a8e4-5f26-bec1-0ab9e132d358,K3310,28A,pointelle knitted shirt,K3310::28A,"Resolve this style-colour candidate only: context/detail image, six forensic macros, exact material, country/factory, bounded date/season and label-system evidence.","GEN_CONTEXT_DETAIL; MACRO_BRAND_LABEL_FRONT; MACRO_BRAND_LABEL_BACK_OR_STITCHING; MACRO_CARE_LABEL_FRONT; MACRO_CARE_LABEL_REVERSE; MACRO_STYLE_SIZE_COLOUR_CODE; MACRO_FACTORY_OR_CONSTRUCTION; material assertions; country/factory assertions; dating assertions; evidence hashes",HIGH,PLANNED_NOT_EXECUTED,No other W003 lane may research or promote this exact style_code + colour_code scope key.
W003-L27,cd97b5d7-e444-5ef7-ae3d-ea3bc2788328,K3310,560,pointelle knitted shirt,K3310::560,"Resolve this style-colour candidate only: context/detail image, six forensic macros, exact material, country/factory, bounded date/season and label-system evidence.","GEN_CONTEXT_DETAIL; MACRO_BRAND_LABEL_FRONT; MACRO_BRAND_LABEL_BACK_OR_STITCHING; MACRO_CARE_LABEL_FRONT; MACRO_CARE_LABEL_REVERSE; MACRO_STYLE_SIZE_COLOUR_CODE; MACRO_FACTORY_OR_CONSTRUCTION; material assertions; country/factory assertions; dating assertions; evidence hashes",HIGH,PLANNED_NOT_EXECUTED,No other W003 lane may research or promote this exact style_code + colour_code scope key.
W003-L28,8b335d0f-e204-5845-994f-3a31b711ec20,K9725,608,long staple cotton knitted shirt,K9725::608,"Resolve this style-colour candidate only: context/detail image, six forensic macros, exact material, country/factory, bounded date/season and label-system evidence.","GEN_CONTEXT_DETAIL; MACRO_BRAND_LABEL_FRONT; MACRO_BRAND_LABEL_BACK_OR_STITCHING; MACRO_CARE_LABEL_FRONT; MACRO_CARE_LABEL_REVERSE; MACRO_STYLE_SIZE_COLOUR_CODE; MACRO_FACTORY_OR_CONSTRUCTION; material assertions; country/factory assertions; dating assertions; evidence hashes",HIGH,PLANNED_NOT_EXECUTED,No other W003 lane may research or promote this exact style_code + colour_code scope key.
W003-L29,86a2a12c-3620-5b29-b8b5-a1d2cecd70bd,K9725,Q20,cotton knitted shirt,K9725::Q20,"Resolve this style-colour candidate only: context/detail image, six forensic macros, exact material, country/factory, bounded date/season and label-system evidence.","GEN_CONTEXT_DETAIL; MACRO_BRAND_LABEL_FRONT; MACRO_BRAND_LABEL_BACK_OR_STITCHING; MACRO_CARE_LABEL_FRONT; MACRO_CARE_LABEL_REVERSE; MACRO_STYLE_SIZE_COLOUR_CODE; MACRO_FACTORY_OR_CONSTRUCTION; material assertions; country/factory assertions; dating assertions; evidence hashes",HIGH,PLANNED_NOT_EXECUTED,No other W003 lane may research or promote this exact style_code + colour_code scope key.
W003-L30,64f3172f-e43f-5a92-ae98-803a1dde000d,K9748,102,cable knitted shirt,K9748::102,"Resolve this style-colour candidate only: context/detail image, six forensic macros, exact material, country/factory, bounded date/season and label-system evidence.","GEN_CONTEXT_DETAIL; MACRO_BRAND_LABEL_FRONT; MACRO_BRAND_LABEL_BACK_OR_STITCHING; MACRO_CARE_LABEL_FRONT; MACRO_CARE_LABEL_REVERSE; MACRO_STYLE_SIZE_COLOUR_CODE; MACRO_FACTORY_OR_CONSTRUCTION; material assertions; country/factory assertions; dating assertions; evidence hashes",HIGH,PLANNED_NOT_EXECUTED,No other W003 lane may research or promote this exact style_code + colour_code scope key.
W003-L31,c6af13db-78a3-576c-82b5-8370911c51eb,L7255,81A,classic barrel bag,L7255::81A,"Resolve this style-colour candidate only: context/detail image, six forensic macros, exact material, country/factory, bounded date/season and label-system evidence.","GEN_CONTEXT_DETAIL; MACRO_BRAND_LABEL_FRONT; MACRO_BRAND_LABEL_BACK_OR_STITCHING; MACRO_CARE_LABEL_FRONT; MACRO_CARE_LABEL_REVERSE; MACRO_STYLE_SIZE_COLOUR_CODE; MACRO_FACTORY_OR_CONSTRUCTION; material assertions; country/factory assertions; dating assertions; evidence hashes",HIGH,PLANNED_NOT_EXECUTED,No other W003 lane may research or promote this exact style_code + colour_code scope key.
W003-L32,31ffcc45-72ee-57dd-8383-87ef9126c76f,M1588,100,twin tipped t shirt,M1588::100,"Resolve this style-colour candidate only: context/detail image, six forensic macros, exact material, country/factory, bounded date/season and label-system evidence.","GEN_CONTEXT_DETAIL; MACRO_BRAND_LABEL_FRONT; MACRO_BRAND_LABEL_BACK_OR_STITCHING; MACRO_CARE_LABEL_FRONT; MACRO_CARE_LABEL_REVERSE; MACRO_STYLE_SIZE_COLOUR_CODE; MACRO_FACTORY_OR_CONSTRUCTION; material assertions; country/factory assertions; dating assertions; evidence hashes",HIGH,PLANNED_NOT_EXECUTED,No other W003 lane may research or promote this exact style_code + colour_code scope key.
W003-L33,c778f1a0-f2d6-51e6-8c1a-d55cd58d5e3d,M1588,102,twin tipped t shirt,M1588::102,"Resolve this style-colour candidate only: context/detail image, six forensic macros, exact material, country/factory, bounded date/season and label-system evidence.","GEN_CONTEXT_DETAIL; MACRO_BRAND_LABEL_FRONT; MACRO_BRAND_LABEL_BACK_OR_STITCHING; MACRO_CARE_LABEL_FRONT; MACRO_CARE_LABEL_REVERSE; MACRO_STYLE_SIZE_COLOUR_CODE; MACRO_FACTORY_OR_CONSTRUCTION; material assertions; country/factory assertions; dating assertions; evidence hashes",HIGH,PLANNED_NOT_EXECUTED,No other W003 lane may research or promote this exact style_code + colour_code scope key.
W003-L34,2fe38195-9d8c-5476-80df-adb5f1c636f8,M1588,795,twin tipped t shirt,M1588::795,"Resolve this style-colour candidate only: context/detail image, six forensic macros, exact material, country/factory, bounded date/season and label-system evidence.","GEN_CONTEXT_DETAIL; MACRO_BRAND_LABEL_FRONT; MACRO_BRAND_LABEL_BACK_OR_STITCHING; MACRO_CARE_LABEL_FRONT; MACRO_CARE_LABEL_REVERSE; MACRO_STYLE_SIZE_COLOUR_CODE; MACRO_FACTORY_OR_CONSTRUCTION; material assertions; country/factory assertions; dating assertions; evidence hashes",HIGH,PLANNED_NOT_EXECUTED,No other W003 lane may research or promote this exact style_code + colour_code scope key.
W003-L35,3bcf4b53-0eb7-5c4e-89fd-90168b2e5132,M1701,608,bedford cord overshirt,M1701::608,"Resolve this style-colour candidate only: context/detail image, six forensic macros, exact material, country/factory, bounded date/season and label-system evidence.","GEN_CONTEXT_DETAIL; MACRO_BRAND_LABEL_FRONT; MACRO_BRAND_LABEL_BACK_OR_STITCHING; MACRO_CARE_LABEL_FRONT; MACRO_CARE_LABEL_REVERSE; MACRO_STYLE_SIZE_COLOUR_CODE; MACRO_FACTORY_OR_CONSTRUCTION; material assertions; country/factory assertions; dating assertions; evidence hashes",HIGH,PLANNED_NOT_EXECUTED,No other W003 lane may research or promote this exact style_code + colour_code scope key.
W003-L36,3b394656-b811-5f65-ab27-c311ed69c77f,M1723,184,brushed twill overshirt,M1723::184,"Resolve this style-colour candidate only: context/detail image, six forensic macros, exact material, country/factory, bounded date/season and label-system evidence.","GEN_CONTEXT_DETAIL; MACRO_BRAND_LABEL_FRONT; MACRO_BRAND_LABEL_BACK_OR_STITCHING; MACRO_CARE_LABEL_FRONT; MACRO_CARE_LABEL_REVERSE; MACRO_STYLE_SIZE_COLOUR_CODE; MACRO_FACTORY_OR_CONSTRUCTION; material assertions; country/factory assertions; dating assertions; evidence hashes",HIGH,PLANNED_NOT_EXECUTED,No other W003 lane may research or promote this exact style_code + colour_code scope key.
W003-L37,b5e118c7-3708-58d6-ae65-e33b6d02a2ce,M2395,608,pocket detail pique t shirt,M2395::608,"Resolve this style-colour candidate only: context/detail image, six forensic macros, exact material, country/factory, bounded date/season and label-system evidence.","GEN_CONTEXT_DETAIL; MACRO_BRAND_LABEL_FRONT; MACRO_BRAND_LABEL_BACK_OR_STITCHING; MACRO_CARE_LABEL_FRONT; MACRO_CARE_LABEL_REVERSE; MACRO_STYLE_SIZE_COLOUR_CODE; MACRO_FACTORY_OR_CONSTRUCTION; material assertions; country/factory assertions; dating assertions; evidence hashes",HIGH,PLANNED_NOT_EXECUTED,No other W003 lane may research or promote this exact style_code + colour_code scope key.
W003-L38,790cc74b-a675-5004-84ad-0ef03bc90ad0,M2396,28A,twin tipped cuff t shirt,M2396::28A,"Resolve this style-colour candidate only: context/detail image, six forensic macros, exact material, country/factory, bounded date/season and label-system evidence.","GEN_CONTEXT_DETAIL; MACRO_BRAND_LABEL_FRONT; MACRO_BRAND_LABEL_BACK_OR_STITCHING; MACRO_CARE_LABEL_FRONT; MACRO_CARE_LABEL_REVERSE; MACRO_STYLE_SIZE_COLOUR_CODE; MACRO_FACTORY_OR_CONSTRUCTION; material assertions; country/factory assertions; dating assertions; evidence hashes",HIGH,PLANNED_NOT_EXECUTED,No other W003 lane may research or promote this exact style_code + colour_code scope key.
W003-L39,1ece6c4a-9a47-5e34-a2c9-8ff9ed8ce782,M2396,297,twin tipped cuff t shirt,M2396::297,"Resolve this style-colour candidate only: context/detail image, six forensic macros, exact material, country/factory, bounded date/season and label-system evidence.","GEN_CONTEXT_DETAIL; MACRO_BRAND_LABEL_FRONT; MACRO_BRAND_LABEL_BACK_OR_STITCHING; MACRO_CARE_LABEL_FRONT; MACRO_CARE_LABEL_REVERSE; MACRO_STYLE_SIZE_COLOUR_CODE; MACRO_FACTORY_OR_CONSTRUCTION; material assertions; country/factory assertions; dating assertions; evidence hashes",HIGH,PLANNED_NOT_EXECUTED,No other W003 lane may research or promote this exact style_code + colour_code scope key.
W003-L40,db239e88-d3a4-515d-9e0d-c75516cc1d09,M2396,608,twin tipped cuff t shirt,M2396::608,"Resolve this style-colour candidate only: context/detail image, six forensic macros, exact material, country/factory, bounded date/season and label-system evidence.","GEN_CONTEXT_DETAIL; MACRO_BRAND_LABEL_FRONT; MACRO_BRAND_LABEL_BACK_OR_STITCHING; MACRO_CARE_LABEL_FRONT; MACRO_CARE_LABEL_REVERSE; MACRO_STYLE_SIZE_COLOUR_CODE; MACRO_FACTORY_OR_CONSTRUCTION; material assertions; country/factory assertions; dating assertions; evidence hashes",HIGH,PLANNED_NOT_EXECUTED,No other W003 lane may research or promote this exact style_code + colour_code scope key.
W003-L41,cf640234-41d9-56e3-b51b-e43851147c22,M2396,91B,twin tipped cuff t shirt,M2396::91B,"Resolve this style-colour candidate only: context/detail image, six forensic macros, exact material, country/factory, bounded date/season and label-system evidence.","GEN_CONTEXT_DETAIL; MACRO_BRAND_LABEL_FRONT; MACRO_BRAND_LABEL_BACK_OR_STITCHING; MACRO_CARE_LABEL_FRONT; MACRO_CARE_LABEL_REVERSE; MACRO_STYLE_SIZE_COLOUR_CODE; MACRO_FACTORY_OR_CONSTRUCTION; material assertions; country/factory assertions; dating assertions; evidence hashes",HIGH,PLANNED_NOT_EXECUTED,No other W003 lane may research or promote this exact style_code + colour_code scope key.
W003-L42,5f7fe94e-c6f9-5a1f-a728-11504239cd8c,M2396,R30,twin tipped cuff t shirt,M2396::R30,"Resolve this style-colour candidate only: context/detail image, six forensic macros, exact material, country/factory, bounded date/season and label-system evidence.","GEN_CONTEXT_DETAIL; MACRO_BRAND_LABEL_FRONT; MACRO_BRAND_LABEL_BACK_OR_STITCHING; MACRO_CARE_LABEL_FRONT; MACRO_CARE_LABEL_REVERSE; MACRO_STYLE_SIZE_COLOUR_CODE; MACRO_FACTORY_OR_CONSTRUCTION; material assertions; country/factory assertions; dating assertions; evidence hashes",HIGH,PLANNED_NOT_EXECUTED,No other W003 lane may research or promote this exact style_code + colour_code scope key.
W003-L43,cb4d57f9-baf8-5413-a991-b2ef7bb0c26b,M2396,S64,twin tipped cuff t shirt,M2396::S64,"Resolve this style-colour candidate only: context/detail image, six forensic macros, exact material, country/factory, bounded date/season and label-system evidence.","GEN_CONTEXT_DETAIL; MACRO_BRAND_LABEL_FRONT; MACRO_BRAND_LABEL_BACK_OR_STITCHING; MACRO_CARE_LABEL_FRONT; MACRO_CARE_LABEL_REVERSE; MACRO_STYLE_SIZE_COLOUR_CODE; MACRO_FACTORY_OR_CONSTRUCTION; material assertions; country/factory assertions; dating assertions; evidence hashes",HIGH,PLANNED_NOT_EXECUTED,No other W003 lane may research or promote this exact style_code + colour_code scope key.
W003-L44,9fc5df28-0914-5f54-9820-ec4ac8b51b67,M2402,28A,ripstop zip through overshirt,M2402::28A,"Resolve this style-colour candidate only: context/detail image, six forensic macros, exact material, country/factory, bounded date/season and label-system evidence.","GEN_CONTEXT_DETAIL; MACRO_BRAND_LABEL_FRONT; MACRO_BRAND_LABEL_BACK_OR_STITCHING; MACRO_CARE_LABEL_FRONT; MACRO_CARE_LABEL_REVERSE; MACRO_STYLE_SIZE_COLOUR_CODE; MACRO_FACTORY_OR_CONSTRUCTION; material assertions; country/factory assertions; dating assertions; evidence hashes",HIGH,PLANNED_NOT_EXECUTED,No other W003 lane may research or promote this exact style_code + colour_code scope key.
W003-L45,1adb0854-afbd-59ca-a2c1-ad14ed63627d,M2402,608,ripstop zip through overshirt,M2402::608,"Resolve this style-colour candidate only: context/detail image, six forensic macros, exact material, country/factory, bounded date/season and label-system evidence.","GEN_CONTEXT_DETAIL; MACRO_BRAND_LABEL_FRONT; MACRO_BRAND_LABEL_BACK_OR_STITCHING; MACRO_CARE_LABEL_FRONT; MACRO_CARE_LABEL_REVERSE; MACRO_STYLE_SIZE_COLOUR_CODE; MACRO_FACTORY_OR_CONSTRUCTION; material assertions; country/factory assertions; dating assertions; evidence hashes",HIGH,PLANNED_NOT_EXECUTED,No other W003 lane may research or promote this exact style_code + colour_code scope key.
W003-L46,6735becd-6c2b-5d90-aaf2-1c2422977ebd,M2402,638,ripstop pocket overshirt,M2402::638,"Resolve this style-colour candidate only: context/detail image, six forensic macros, exact material, country/factory, bounded date/season and label-system evidence.","GEN_CONTEXT_DETAIL; MACRO_BRAND_LABEL_FRONT; MACRO_BRAND_LABEL_BACK_OR_STITCHING; MACRO_CARE_LABEL_FRONT; MACRO_CARE_LABEL_REVERSE; MACRO_STYLE_SIZE_COLOUR_CODE; MACRO_FACTORY_OR_CONSTRUCTION; material assertions; country/factory assertions; dating assertions; evidence hashes",HIGH,PLANNED_NOT_EXECUTED,No other W003 lane may research or promote this exact style_code + colour_code scope key.
W003-L47,285ea642-d22f-5bc0-a84a-cb3531c59885,M2402,X21,ripstop zip through overshirt,M2402::X21,"Resolve this style-colour candidate only: context/detail image, six forensic macros, exact material, country/factory, bounded date/season and label-system evidence.","GEN_CONTEXT_DETAIL; MACRO_BRAND_LABEL_FRONT; MACRO_BRAND_LABEL_BACK_OR_STITCHING; MACRO_CARE_LABEL_FRONT; MACRO_CARE_LABEL_REVERSE; MACRO_STYLE_SIZE_COLOUR_CODE; MACRO_FACTORY_OR_CONSTRUCTION; material assertions; country/factory assertions; dating assertions; evidence hashes",HIGH,PLANNED_NOT_EXECUTED,No other W003 lane may research or promote this exact style_code + colour_code scope key.
W003-L48,b36a0fe8-879e-563e-a681-40171b168e40,M2454,102,geometric polo shirt,M2454::102,"Resolve this style-colour candidate only: context/detail image, six forensic macros, exact material, country/factory, bounded date/season and label-system evidence.","GEN_CONTEXT_DETAIL; MACRO_BRAND_LABEL_FRONT; MACRO_BRAND_LABEL_BACK_OR_STITCHING; MACRO_CARE_LABEL_FRONT; MACRO_CARE_LABEL_REVERSE; MACRO_STYLE_SIZE_COLOUR_CODE; MACRO_FACTORY_OR_CONSTRUCTION; material assertions; country/factory assertions; dating assertions; evidence hashes",HIGH,PLANNED_NOT_EXECUTED,No other W003 lane may research or promote this exact style_code + colour_code scope key.
W003-L49,f54d2b73-a25e-55d9-860e-32afcf71baa5,M2468,A07,poplin check overshirt,M2468::A07,"Resolve this style-colour candidate only: context/detail image, six forensic macros, exact material, country/factory, bounded date/season and label-system evidence.","GEN_CONTEXT_DETAIL; MACRO_BRAND_LABEL_FRONT; MACRO_BRAND_LABEL_BACK_OR_STITCHING; MACRO_CARE_LABEL_FRONT; MACRO_CARE_LABEL_REVERSE; MACRO_STYLE_SIZE_COLOUR_CODE; MACRO_FACTORY_OR_CONSTRUCTION; material assertions; country/factory assertions; dating assertions; evidence hashes",HIGH,PLANNED_NOT_EXECUTED,No other W003 lane may research or promote this exact style_code + colour_code scope key.
W003-L50,8b7d59fc-51da-5882-9bdd-ad2bf187d118,M2475,129,back print t shirt,M2475::129,"Resolve this style-colour candidate only: context/detail image, six forensic macros, exact material, country/factory, bounded date/season and label-system evidence.","GEN_CONTEXT_DETAIL; MACRO_BRAND_LABEL_FRONT; MACRO_BRAND_LABEL_BACK_OR_STITCHING; MACRO_CARE_LABEL_FRONT; MACRO_CARE_LABEL_REVERSE; MACRO_STYLE_SIZE_COLOUR_CODE; MACRO_FACTORY_OR_CONSTRUCTION; material assertions; country/factory assertions; dating assertions; evidence hashes",HIGH,PLANNED_NOT_EXECUTED,No other W003 lane may research or promote this exact style_code + colour_code scope key.
